id,path,sentence,voice,policy_passes,manual_acceptable,manual_notes
e6cc42970c86d1ae,data/financial_research/wav/e6cc42970c86d1ae.wav,We expect loan-to-value ratio to improve as we scale the business.,en-US-AriaNeural,True,,
532338aa437c40ef,data/financial_research/wav/532338aa437c40ef.wav,"Turning to ebitda, we saw meaningful improvement versus prior year.",en-US-GuyNeural,True,,
d00e46a4ba0ae63c,data/financial_research/wav/d00e46a4ba0ae63c.wav,We are reiterating our full-year depreciation outlook.,en-GB-ThomasNeural,True,,
09e095fa17b56fef,data/financial_research/wav/09e095fa17b56fef.wav,The forward guidance headwind was partially offset by operational efficiencies.,en-GB-RyanNeural,True,,
c79d7c98e55900db,data/financial_research/wav/c79d7c98e55900db.wav,Management remains confident in our ebitda trajectory.,en-GB-ThomasNeural,True,,
15f2efc75d60b304,data/financial_research/wav/15f2efc75d60b304.wav,We expect same-store sales to improve as we scale the business.,en-US-AriaNeural,True,,
d2e650466ee16597,data/financial_research/wav/d2e650466ee16597.wav,We expect pro forma revenue to improve as we scale the business.,en-GB-RyanNeural,True,,
6cdb31d9a6def811,data/financial_research/wav/6cdb31d9a6def811.wav,We will now open the call for questions from analysts.,en-US-JennyNeural,False,,
6589fecdaf3f3def,data/financial_research/wav/6589fecdaf3f3def.wav,Thank you for joining our quarterly conference call.,en-US-GuyNeural,True,,
cea4b5049f671508,data/financial_research/wav/cea4b5049f671508.wav,We are reiterating our full-year free cash flow outlook.,en-US-JennyNeural,True,,
e051dae9d353fb4a,data/financial_research/wav/e051dae9d353fb4a.wav,Our tier-one capital ratio for the quarter came in at the high end of guidance.,en-US-ChristopherNeural,True,,
53327bff9b887ea8,data/financial_research/wav/53327bff9b887ea8.wav,"Turning to tier-one capital ratio, we saw meaningful improvement versus prior year.",en-US-AriaNeural,True,,
f38d3f71d89d29ce,data/financial_research/wav/f38d3f71d89d29ce.wav,Our diluted eps for the quarter came in at the high end of guidance.,en-GB-ThomasNeural,True,,
a0c481864f56b745,data/financial_research/wav/a0c481864f56b745.wav,The depreciation headwind was partially offset by operational efficiencies.,en-US-GuyNeural,True,,
b2dbafbf7cb73fde,data/financial_research/wav/b2dbafbf7cb73fde.wav,We are reiterating our full-year mark-to-market outlook.,en-US-GuyNeural,True,,
8f384303d2490d27,data/financial_research/wav/8f384303d2490d27.wav,Management remains confident in our operating leverage trajectory.,en-US-AriaNeural,True,,
26b2a0768d5ab6c3,data/financial_research/wav/26b2a0768d5ab6c3.wav,We are reiterating our full-year price-to-earnings ratio outlook.,en-GB-LibbyNeural,True,,
7382b544ecda943d,data/financial_research/wav/7382b544ecda943d.wav,We are reiterating our full-year revenue recognition outlook.,en-GB-ThomasNeural,True,,
a52cb2eec336f187,data/financial_research/wav/a52cb2eec336f187.wav,Our collateralized debt obligation for the quarter came in at the high end of guidance.,en-GB-SoniaNeural,True,,
fed6944f17eb2864,data/financial_research/wav/fed6944f17eb2864.wav,The team executed well despite a changing environment.,en-US-ChristopherNeural,True,,
4149f50804c69083,data/financial_research/wav/4149f50804c69083.wav,We expect accounts receivable to improve as we scale the business.,en-GB-ThomasNeural,True,,
e515764cad66fa0b,data/financial_research/wav/e515764cad66fa0b.wav,We expect adjusted operating income to improve as we scale the business.,en-GB-SoniaNeural,True,,
dd90fbe074e312f0,data/financial_research/wav/dd90fbe074e312f0.wav,Our accounts receivable for the quarter came in at the high end of guidance.,en-US-GuyNeural,True,,
74be733266e0ad34,data/financial_research/wav/74be733266e0ad34.wav,"Turning to pro forma revenue, we saw meaningful improvement versus prior year.",en-US-ChristopherNeural,True,,
ab98f695b1cc4a61,data/financial_research/wav/ab98f695b1cc4a61.wav,Thank you for joining our quarterly conference call.,en-GB-LibbyNeural,True,,
ad6ba6db8d132bee,data/financial_research/wav/ad6ba6db8d132bee.wav,Our yield curve inversion for the quarter came in at the high end of guidance.,en-GB-RyanNeural,True,,
0619929ef9adcbd7,data/financial_research/wav/0619929ef9adcbd7.wav,We are reiterating our full-year securitization outlook.,en-US-GuyNeural,True,,
661374cd55f5b784,data/financial_research/wav/661374cd55f5b784.wav,The securitization headwind was partially offset by operational efficiencies.,en-US-AriaNeural,True,,
d18ca55a85551ee2,data/financial_research/wav/d18ca55a85551ee2.wav,We are reiterating our full-year accounts receivable outlook.,en-US-ChristopherNeural,True,,
aacf30886f32cd96,data/financial_research/wav/aacf30886f32cd96.wav,Management remains confident in our loan-to-value ratio trajectory.,en-GB-ThomasNeural,True,,
983aadfcda1e2a7e,data/financial_research/wav/983aadfcda1e2a7e.wav,The normalised earnings headwind was partially offset by operational efficiencies.,en-GB-LibbyNeural,True,,
c7ac8c09319b826d,data/financial_research/wav/c7ac8c09319b826d.wav,"Turning to credit default swap, we saw meaningful improvement versus prior year.",en-US-JennyNeural,True,,
5dc3f7e037744d7a,data/financial_research/wav/5dc3f7e037744d7a.wav,We expect quantitative easing to improve as we scale the business.,en-GB-ThomasNeural,True,,
483b2050f138d3ae,data/financial_research/wav/483b2050f138d3ae.wav,We expect normalised earnings to improve as we scale the business.,en-US-GuyNeural,True,,
90171de700858c7c,data/financial_research/wav/90171de700858c7c.wav,We are reiterating our full-year yield curve inversion outlook.,en-GB-ThomasNeural,True,,
3f94aa3c0573faac,data/financial_research/wav/3f94aa3c0573faac.wav,Management will now discuss the results for the period.,en-GB-RyanNeural,True,,
41eb4d21dc2163e8,data/financial_research/wav/41eb4d21dc2163e8.wav,The capital expenditures headwind was partially offset by operational efficiencies.,en-US-GuyNeural,True,,
ad99c87810b2f0dd,data/financial_research/wav/ad99c87810b2f0dd.wav,"Turning to price-to-earnings ratio, we saw meaningful improvement versus prior year.",en-US-GuyNeural,True,,
33a9467b698a689e,data/financial_research/wav/33a9467b698a689e.wav,Management will now discuss the results for the period.,en-US-AriaNeural,True,,
79ef8982e03d3853,data/financial_research/wav/79ef8982e03d3853.wav,We expect sequential revenue to improve as we scale the business.,en-GB-ThomasNeural,True,,
40090d6cad00f5be,data/financial_research/wav/40090d6cad00f5be.wav,We are reiterating our full-year year-over-year growth outlook.,en-GB-RyanNeural,True,,
dd557856ffa4d657,data/financial_research/wav/dd557856ffa4d657.wav,Management remains confident in our adjusted operating income trajectory.,en-US-GuyNeural,True,,
b1af6f8353e78adc,data/financial_research/wav/b1af6f8353e78adc.wav,Management remains confident in our securitization trajectory.,en-GB-SoniaNeural,True,,
1d2e09aa96066bfc,data/financial_research/wav/1d2e09aa96066bfc.wav,We are reiterating our full-year run rate outlook.,en-GB-SoniaNeural,True,,
178b3e208bfedcff,data/financial_research/wav/178b3e208bfedcff.wav,Demand remained resilient across our major customer segments.,en-GB-LibbyNeural,True,,
60ccb26967b3618d,data/financial_research/wav/60ccb26967b3618d.wav,"Turning to run rate, we saw meaningful improvement versus prior year.",en-GB-LibbyNeural,True,,
84217c56314f64c8,data/financial_research/wav/84217c56314f64c8.wav,"Turning to accounts receivable, we saw meaningful improvement versus prior year.",en-US-JennyNeural,True,,
0b2d12907ac241eb,data/financial_research/wav/0b2d12907ac241eb.wav,We are reiterating our full-year inventory turnover outlook.,en-GB-ThomasNeural,True,,
96304faa3e07697f,data/financial_research/wav/96304faa3e07697f.wav,We are reiterating our full-year net interest margin outlook.,en-US-ChristopherNeural,True,,
5bcb5945a11a7bab,data/financial_research/wav/5bcb5945a11a7bab.wav,"Turning to loan-to-value ratio, we saw meaningful improvement versus prior year.",en-US-GuyNeural,True,,
5c01a768ad3260cf,data/financial_research/wav/5c01a768ad3260cf.wav,The non-gaap earnings headwind was partially offset by operational efficiencies.,en-GB-SoniaNeural,True,,
c5397a4a29d99412,data/financial_research/wav/c5397a4a29d99412.wav,We are reiterating our full-year churn rate outlook.,en-GB-SoniaNeural,True,,
0a33581cad77dd17,data/financial_research/wav/0a33581cad77dd17.wav,Our price-to-earnings ratio for the quarter came in at the high end of guidance.,en-GB-SoniaNeural,True,,
2006c8fa6837f110,data/financial_research/wav/2006c8fa6837f110.wav,Management remains confident in our credit default swap trajectory.,en-GB-LibbyNeural,True,,
ec4ce814a8130868,data/financial_research/wav/ec4ce814a8130868.wav,Our quantitative easing for the quarter came in at the high end of guidance.,en-US-GuyNeural,True,,
651571ac6f3620ee,data/financial_research/wav/651571ac6f3620ee.wav,"Turning to operating leverage, we saw meaningful improvement versus prior year.",en-GB-SoniaNeural,True,,
37f192276dd9385a,data/financial_research/wav/37f192276dd9385a.wav,"Turning to recurring revenue, we saw meaningful improvement versus prior year.",en-US-AriaNeural,True,,
c4eea102a6e6d0bf,data/financial_research/wav/c4eea102a6e6d0bf.wav,Management remains confident in our sequential revenue trajectory.,en-GB-LibbyNeural,True,,
f7e446af1379de3e,data/financial_research/wav/f7e446af1379de3e.wav,"Turning to ebitda margin, we saw meaningful improvement versus prior year.",en-US-ChristopherNeural,True,,
6c4c5c4d608b086e,data/financial_research/wav/6c4c5c4d608b086e.wav,The customer acquisition cost headwind was partially offset by operational efficiencies.,en-GB-ThomasNeural,True,,
62a062873f8ecc06,data/financial_research/wav/62a062873f8ecc06.wav,Management remains confident in our depreciation trajectory.,en-US-AriaNeural,True,,
55f384ebe7680535,data/financial_research/wav/55f384ebe7680535.wav,We expect restructuring charges to improve as we scale the business.,en-US-GuyNeural,True,,
0af56afa6d627250,data/financial_research/wav/0af56afa6d627250.wav,We expect diluted eps to improve as we scale the business.,en-US-JennyNeural,True,,
1c91c4d401d944b4,data/financial_research/wav/1c91c4d401d944b4.wav,"Turning to inventory turnover, we saw meaningful improvement versus prior year.",en-GB-SoniaNeural,True,,
cb2da55b83218ffe,data/financial_research/wav/cb2da55b83218ffe.wav,Management remains confident in our inventory turnover trajectory.,en-US-AriaNeural,True,,
6d87335298713178,data/financial_research/wav/6d87335298713178.wav,The pro forma revenue headwind was partially offset by operational efficiencies.,en-US-AriaNeural,True,,
d212b0eac1dec8e4,data/financial_research/wav/d212b0eac1dec8e4.wav,We expect debt-to-equity ratio to improve as we scale the business.,en-GB-LibbyNeural,True,,
314c393620c73cce,data/financial_research/wav/314c393620c73cce.wav,"Turning to repo rate, we saw meaningful improvement versus prior year.",en-GB-RyanNeural,True,,
91ba9eeafed2a20c,data/financial_research/wav/91ba9eeafed2a20c.wav,The impairment charge headwind was partially offset by operational efficiencies.,en-GB-LibbyNeural,True,,
30abe48879adf340,data/financial_research/wav/30abe48879adf340.wav,Our customer acquisition cost for the quarter came in at the high end of guidance.,en-US-ChristopherNeural,True,,
fff2a6a02a518d45,data/financial_research/wav/fff2a6a02a518d45.wav,We are reiterating our full-year ebitda margin outlook.,en-US-GuyNeural,True,,
c9b7ee8b77ccab85,data/financial_research/wav/c9b7ee8b77ccab85.wav,Demand remained resilient across our major customer segments.,en-US-GuyNeural,True,,
5b9f629e8d8fb800,data/financial_research/wav/5b9f629e8d8fb800.wav,Our revenue recognition for the quarter came in at the high end of guidance.,en-GB-RyanNeural,True,,
7b25ef964aa6af7c,data/financial_research/wav/7b25ef964aa6af7c.wav,We will now open the call for questions from analysts.,en-US-AriaNeural,True,,
391c238ca366c484,data/financial_research/wav/391c238ca366c484.wav,The churn rate headwind was partially offset by operational efficiencies.,en-US-ChristopherNeural,True,,
61ead95d72fb9588,data/financial_research/wav/61ead95d72fb9588.wav,The basis points headwind was partially offset by operational efficiencies.,en-GB-LibbyNeural,True,,
fb0122008523ba56,data/financial_research/wav/fb0122008523ba56.wav,We expect net revenue retention to improve as we scale the business.,en-GB-SoniaNeural,True,,
9f80938bfbf4865d,data/financial_research/wav/9f80938bfbf4865d.wav,The collateralized debt obligation headwind was partially offset by operational efficiencies.,en-US-JennyNeural,True,,
551530b04ea3f6bb,data/financial_research/wav/551530b04ea3f6bb.wav,We expect free cash flow to improve as we scale the business.,en-GB-SoniaNeural,True,,
5578d862efe6f569,data/financial_research/wav/5578d862efe6f569.wav,The restructuring charges headwind was partially offset by operational efficiencies.,en-GB-LibbyNeural,True,,
fa1bcaaa4a00b17a,data/financial_research/wav/fa1bcaaa4a00b17a.wav,Management remains confident in our free cash flow trajectory.,en-US-GuyNeural,True,,
51380f79947bc810,data/financial_research/wav/51380f79947bc810.wav,We expect inventory turnover to improve as we scale the business.,en-US-ChristopherNeural,True,,
39dbf4925da805ef,data/financial_research/wav/39dbf4925da805ef.wav,Management remains confident in our restructuring charges trajectory.,en-US-JennyNeural,True,,
ecbd1c77950c343d,data/financial_research/wav/ecbd1c77950c343d.wav,We are reiterating our full-year deferred revenue outlook.,en-GB-RyanNeural,True,,
7f22f274812b7f8a,data/financial_research/wav/7f22f274812b7f8a.wav,We are reiterating our full-year operating leverage outlook.,en-GB-ThomasNeural,True,,
3a0c2395e3d05f43,data/financial_research/wav/3a0c2395e3d05f43.wav,Management remains confident in our price-to-earnings ratio trajectory.,en-GB-ThomasNeural,True,,
a5aafabff313aec6,data/financial_research/wav/a5aafabff313aec6.wav,Management remains confident in our forward guidance trajectory.,en-GB-LibbyNeural,True,,
d916af132b54cfd8,data/financial_research/wav/d916af132b54cfd8.wav,The team executed well despite a changing environment.,en-GB-SoniaNeural,True,,
5b4992a25c650e7b,data/financial_research/wav/5b4992a25c650e7b.wav,Our inventory turnover for the quarter came in at the high end of guidance.,en-GB-RyanNeural,True,,
68bbdc68fc9fd7e8,data/financial_research/wav/68bbdc68fc9fd7e8.wav,We will now open the call for questions from analysts.,en-GB-ThomasNeural,True,,
c9bafd2dff847dcb,data/financial_research/wav/c9bafd2dff847dcb.wav,Management remains confident in our net revenue retention trajectory.,en-US-GuyNeural,True,,
2669dac6eb6525f4,data/financial_research/wav/2669dac6eb6525f4.wav,Our comparable store sales for the quarter came in at the high end of guidance.,en-GB-LibbyNeural,True,,
57e8d3b56f042368,data/financial_research/wav/57e8d3b56f042368.wav,Management remains confident in our comparable store sales trajectory.,en-GB-SoniaNeural,True,,
ecdf90e58a560c11,data/financial_research/wav/ecdf90e58a560c11.wav,We expect amortization to improve as we scale the business.,en-GB-LibbyNeural,True,,
75d37b03e0e86de4,data/financial_research/wav/75d37b03e0e86de4.wav,"Turning to customer acquisition cost, we saw meaningful improvement versus prior year.",en-US-AriaNeural,True,,
25a844f191f78506,data/financial_research/wav/25a844f191f78506.wav,"Turning to impairment charge, we saw meaningful improvement versus prior year.",en-GB-ThomasNeural,True,,
9358776a491c7815,data/financial_research/wav/9358776a491c7815.wav,We expect tier-one capital ratio to improve as we scale the business.,en-GB-SoniaNeural,True,,
5240c149824ab675,data/financial_research/wav/5240c149824ab675.wav,Demand remained resilient across our major customer segments.,en-GB-SoniaNeural,True,,
3011450aaf6a2b2f,data/financial_research/wav/3011450aaf6a2b2f.wav,We expect customer acquisition cost to improve as we scale the business.,en-GB-SoniaNeural,True,,
305aef27e09ba641,data/financial_research/wav/305aef27e09ba641.wav,Management remains confident in our pro forma revenue trajectory.,en-GB-SoniaNeural,True,,
